battery_id,discharge_index,soh,soh_lag_1,soh_lag_2,naive_predicted_soh,one_step_predicted_soh,recursive_predicted_soh
B0005,119,0.7582051768100097,0.7608878881159706,0.7607965521102183,0.7608878881159706,0.7585292409201282,0.7585292409201282
B0005,120,0.7720989824377315,0.7582051768100097,0.7608878881159706,0.7608878881159706,0.7561582760581644,0.7564161980564489
B0005,121,0.7747184287655713,0.7720989824377315,0.7582051768100097,0.7608878881159706,0.7667001026899749,0.7542509643283312
B0005,122,0.7634604477007024,0.7747184287655713,0.7720989824377315,0.7608878881159706,0.7699443956422267,0.7520690199411809
B0005,123,0.757872985240904,0.7634604477007024,0.7747184287655713,0.7608878881159706,0.761003954855992,0.7498684996393494
B0005,124,0.7547607178190571,0.757872985240904,0.7634604477007024,0.7608878881159706,0.7551738106233311,0.7476515055355669
B0005,125,0.7523351936621818,0.7547607178190571,0.757872985240904,0.7608878881159706,0.7518868976039353,0.7454195221400606
B0005,126,0.749417837821699,0.7523351936621818,0.7547607178190571,0.7608878881159706,0.7493967777424794,0.7431739434725725
B0005,127,0.7466944037718939,0.749417837821699,0.7523351936621818,0.7608878881159706,0.7465846323327534,0.7409160290986911
B0005,128,0.7435744841131501,0.7466944037718939,0.749417837821699,0.7608878881159706,0.743877110022519,0.7386469224245923
B0005,129,0.740773354887346,0.7435744841131501,0.7466944037718939,0.7608878881159706,0.7408736289846839,0.7363676608135349
B0005,130,0.7382289732324249,0.740773354887346,0.7435744841131501,0.7608878881159706,0.7380837922169248,0.734079185486962
B0005,131,0.7382266861916331,0.7382289732324249,0.740773354887346,0.7608878881159706,0.7355305266185453,0.731782350427436
B0005,132,0.7351170256067291,0.7382266861916331,0.7382289732324249,0.7608878881159706,0.7350264636156734,0.7294779304653625
B0005,133,0.7408571700903982,0.7351170256067291,0.7382266861916331,0.7608878881159706,0.7323062263683785,0.7271666286151885
B0005,134,0.746631245442362,0.7408571700903982,0.7351170256067291,0.7608878881159706,0.7363154099031114,0.7248490827317495
B0005,135,0.7378719555127385,0.746631245442362,0.7408571700903982,0.7608878881159706,0.7412462187926112,0.7225258715496531
B0005,136,0.7351424952422321,0.7378719555127385,0.746631245442362,0.7608878881159706,0.7346133804166627,0.7201975201628981
B0005,137,0.7295077959801873,0.7351424952422321,0.7378719555127385,0.7608878881159706,0.7313105053211446,0.7178645049966089
B0005,138,0.7296799787853684,0.7295077959801873,0.7351424952422321,0.7608878881159706,0.726304906876408,0.7155272583179606
B0005,139,0.7297134934112404,0.7296799787853684,0.7295077959801873,0.7608878881159706,0.7256273063071266,0.7131861723290027
B0005,140,0.7268107407422197,0.7297134934112404,0.7296799787853684,0.7608878881159706,0.7254263531487373,0.7108416028801371
B0005,141,0.7240497181525037,0.7268107407422197,0.7297134934112404,0.7608878881159706,0.722874412673753,0.7084938728394069
B0005,142,0.7212499067079483,0.7240497181525037,0.7268107407422197,0.7608878881159706,0.7201384499404566,0.7061432751495009
B0005,143,0.7212085080709221,0.7212499067079483,0.7240497181525037,0.7608878881159706,0.717385942615017,0.703790075601415
B0005,144,0.7185648881952922,0.7212085080709221,0.7212499067079483,0.7608878881159706,0.7168249295715914,0.7014345153510352
B0005,145,0.7156765060826297,0.7185648881952922,0.7212085080709221,0.7608878881159706,0.7144716594626312,0.6990768132024672
B0005,146,0.712728179243196,0.7156765060826297,0.7185648881952922,0.7608878881159706,0.7116605270619409,0.6967171676797348
B0005,147,0.7100339835664495,0.712728179243196,0.7156765060826297,0.7608878881159706,0.7087769419469204,0.6943557589064594
B0005,148,0.7101941165230105,0.7100339835664495,0.712728179243196,0.7608878881159706,0.7060895595672824,0.6919927503113205
B0005,149,0.7101007124097442,0.7101941165230105,0.7100339835664495,0.7608878881159706,0.7056996217442949,0.6896282901754434
B0005,150,0.7131060557689289,0.7101007124097442,0.7101941165230105,0.7608878881159706,0.7053964360972408,0.6872625130363655
B0005,151,0.7326317762261327,0.7131060557689289,0.7101007124097442,0.7608878881159706,0.7075339077052192,0.6848955409618751
B0005,152,0.7215404057003532,0.7326317762261327,0.7131060557689289,0.7608878881159706,0.7231331654316827,0.6825274847057828
B0005,153,0.7158834698305494,0.7215404057003532,0.7326317762261327,0.7608878881159706,0.7160343716220301,0.680158444756569
B0005,154,0.7129992439790139,0.7158834698305494,0.7215404057003532,0.7608878881159706,0.7101657761652687,0.6777885122888363
B0005,155,0.7102843154047167,0.7129992439790139,0.7158834698305494,0.7608878881159706,0.7070533379780554,0.6754177700265763
B0005,156,0.7075055383642602,0.7102843154047167,0.7129992439790139,0.7608878881159706,0.7043559342438794,0.6730462930264228
B0005,157,0.7073584494666222,0.7075055383642602,0.7102843154047167,0.7608878881159706,0.7016248277677766,0.6706741493883087
B0005,158,0.7044464616507271,0.7073584494666222,0.7075055383642602,0.7608878881159706,0.700981822401793,0.668301400900255
B0005,159,0.7018808229071345,0.7044464616507271,0.7073584494666222,0.7608878881159706,0.6984042746229615,0.6659281036233968
B0005,160,0.7020555815721221,0.7018808229071345,0.7044464616507271,0.7608878881159706,0.6958228839410475,0.6635543084227856
B0005,161,0.7020839620292979,0.7020555815721221,0.7018808229071345,0.7608878881159706,0.6954575824104843,0.6611800614489937
B0005,162,0.6991090088170862,0.7020839620292979,0.7020555815721221,0.7608878881159706,0.695252803368807,0.6588054045750801
B0005,163,0.6992094269724849,0.6991090088170862,0.7020839620292979,0.7608878881159706,0.6926428796121011,0.6564303757930567
B0005,164,0.6967263011532884,0.6992094269724849,0.6991090088170862,0.7608878881159706,0.692177033335689,0.654055009573607
B0005,165,0.6937851440175623,0.6967263011532884,0.6992094269724849,0.7608878881159706,0.6899658362838811,0.6516793371924638
B0005,166,0.6934884167276276,0.6937851440175623,0.6967263011532884,0.7608878881159706,0.6871289245625242,0.6493033870265369
B0005,167,0.705103277055252,0.6934884167276276,0.6937851440175623,0.7608878881159706,0.6863504074133417,0.6469271848225928
B0005,168,0.7137561578838875,0.705103277055252,0.6934884167276276,0.7608878881159706,0.6953196231396728,0.6445507539410329
B0006,119,0.6648867966571198,0.6672586503678075,0.6698163536881292,0.6672586503678075,0.6610340171906885,0.6610340171906885
B0006,120,0.6800643686533974,0.6648867966571198,0.6672586503678075,0.6672586503678075,0.6585690416376418,0.6554686738703176
B0006,121,0.6903752897183545,0.6800643686533974,0.6648867966571198,0.6672586503678075,0.6702277469969558,0.6504044001658829
B0006,122,0.6773908312410081,0.6903752897183545,0.6800643686533974,0.6672586503678075,0.6781112383005273,0.645748639873602
B0006,123,0.6722549538545536,0.6773908312410081,0.6903752897183545,0.6672586503678075,0.6672096112626167,0.6414256407048645
B0006,124,0.6668746922672389,0.6722549538545536,0.6773908312410081,0.6672586503678075,0.6624366114819605,0.6373737003094067
B0006,125,0.6645057163278422,0.6668746922672389,0.6722549538545536,0.6672586503678075,0.657530023926194,0.6335425574888428
B0006,126,0.6620080723318286,0.6645057163278422,0.6668746922672389,0.6672586503678075,0.6550446823214238,0.6298912707510217
B0006,127,0.656897174696045,0.6620080723318286,0.6645057163278422,0.6672586503678075,0.6524799987421877,0.6263864901988528
B0006,128,0.6540611751852576,0.656897174696045,0.6620080723318286,0.6672586503678075,0.6478113714876073,0.6230010498552945
B0006,129,0.6514547680110713,0.6540611751852576,0.656897174696045,0.6672586503678075,0.6449523762194659,0.6197128210071264
B0006,130,0.6493167274597319,0.6514547680110713,0.6540611751852576,0.6672586503678075,0.6422964169318902,0.6165037781679831
B0006,131,0.6491429627717592,0.6493167274597319,0.6514547680110713,0.6672586503678075,0.640019201641094,0.613359238235621
B0006,132,0.6464031008911139,0.6491429627717592,0.6493167274597319,0.6672586503678075,0.6393264213097233,0.6102672407288022
B0006,133,0.648984510278524,0.6464031008911139,0.6491429627717592,0.6672586503678075,0.6365844632450124,0.6072180429440382
B0006,134,0.6620193537828117,0.648984510278524,0.6464031008911139,0.6672586503678075,0.6381039611482265,0.6042037087231285
B0006,135,0.6514952669744675,0.6620193537828117,0.648984510278524,0.6672586503678075,0.6480781967672187,0.6012177734736662
B0006,136,0.643686179763337,0.6514952669744675,0.6620193537828117,0.6672586503678075,0.6391783430770234,0.5982549713032737
B0006,137,0.6412775001365069,0.643686179763337,0.6514952669744675,0.6672586503678075,0.6322739576043003,0.5953110127500955
B0006,138,0.6389142523000749,0.6412775001365069,0.643686179763337,0.6672586503678075,0.6297371482483248,0.5923824037277192
B0006,139,0.6388305024124815,0.6389142523000749,0.6412775001365069,0.6672586503678075,0.6272802954638299,0.5894662980423169
B0006,140,0.6335591097744969,0.6388305024124815,0.6389142523000749,0.6672586503678075,0.6266581411412271,0.5865603772568636
B0006,141,0.6285213141239901,0.6335591097744969,0.6388305024124815,0.6672586503678075,0.6218797598865767,0.5836627528315892
B0006,142,0.6284990867482796,0.6285213141239901,0.6335591097744969,0.6672586503678075,0.6172476688935207,0.5807718864100814
B0006,143,0.6259584486293798,0.6284990867482796,0.6285213141239901,0.6672586503678075,0.6166535298904334,0.5778865248863748
B0006,144,0.6260029775555019,0.6259584486293798,0.6284990867482796,0.6672586503678075,0.6140731067951299,0.575005647512256
B0006,145,0.6209112179860496,0.6260029775555019,0.6259584486293798,0.6672586503678075,0.6135527541447398,0.5721284228122197
B0006,146,0.618146775481072,0.6209112179860496,0.6260029775555019,0.6672586503678075,0.6089199561417732,0.5692541734874894
B0006,147,0.6157503647520722,0.618146775481072,0.6209112179860496,0.6672586503678075,0.6061186972590147,0.5663823478277268
B0006,148,0.6157363461901961,0.6157503647520722,0.618146775481072,0.6672586503678075,0.6036322991057745,0.5635124964237376
B0006,149,0.6132090821428379,0.6157363461901961,0.6157503647520722,0.6672586503678075,0.6030659917409188,0.5606442531982344
B0006,150,0.6158366228941904,0.6132090821428379,0.6157363461901961,0.6672586503678075,0.6004963968516852,0.5577773199539798
B0006,151,0.6337056235911394,0.6158366228941904,0.6132090821428379,0.6672586503678075,0.6020547255129091,0.5549114537870966
B0006,152,0.6208012900462411,0.6337056235911394,0.6158366228941904,0.6672586503678075,0.6159194234661509,0.5520464568342711
B0006,153,0.6131543858862737,0.6208012900462411,0.6337056235911394,0.6672586503678075,0.6051430097526159,0.5491821679210858
B0006,154,0.6053640895934027,0.6131543858862737,0.6208012900462411,0.6672586503678075,0.5983500070560098,0.5463184557589639
B0006,155,0.6029042906907026,0.6053640895934027,0.6131543858862737,0.6672586503678075,0.5914838635892524,0.5434552134035734
B0006,156,0.6002639382954212,0.6029042906907026,0.6053640895934027,0.6672586503678075,0.5889060690747053,0.5405923537407845
B0006,157,0.5950377393250057,0.6002639382954212,0.6029042906907026,0.6672586503678075,0.5862258168632196,0.5377298058096451
B0006,158,0.5923420182680926,0.5950377393250057,0.6002639382954212,0.6672586503678075,0.5814632587516809,0.5348675118071703
B0006,159,0.5900218379391315,0.5923420182680926,0.5950377393250057,0.6672586503678075,0.5787162203198507,0.5320054246485203
B0006,160,0.5849596665522202,0.5900218379391315,0.5923420182680926,0.6672586503678075,0.5762917177236971,0.5291435059795836
B0006,161,0.5823010670462684,0.5849596665522202,0.5900218379391315,0.6672586503678075,0.5716637270204027,0.5262817245580773
B0006,162,0.5795946024028492,0.5823010670462684,0.5849596665522202,0.6672586503678075,0.5689478787594784,0.5234200549348333
B0006,163,0.5771009629390572,0.5795946024028492,0.5823010670462684,0.6672586503678075,0.5662128278583781,0.5205584763796073
B0006,164,0.5668928519254556,0.5771009629390572,0.5795946024028492,0.6672586503678075,0.563648654735274,0.5176969720060701
B0006,165,0.5720922960804411,0.5668928519254556,0.5771009629390572,0.6672586503678075,0.5548782842548509,0.5148355280590478
B0006,166,0.5693392093343496,0.5720922960804411,0.5668928519254556,0.6672586503678075,0.5584445251168766,0.511974133333926
B0006,167,0.5772874675283711,0.5693392093343496,0.5720922960804411,0.6672586503678075,0.5557351034960073,0.5091127787037112
B0006,168,0.582544752296905,0.5772874675283711,0.5693392093343496,0.6672586503678075,0.5615732486894495,0.5062514567337867
B0007,119,0.8005844498202711,0.8004035754125528,0.8004264241301146,0.8004035754125528,0.7974829398571887,0.7974829398571887
B0007,120,0.8111673712327889,0.8005844498202711,0.8004035754125528,0.8004035754125528,0.7973138126829988,0.7953040101370914
B0007,121,0.8139051911027366,0.8111673712327889,0.8005844498202711,0.8004035754125528,0.8039283580887171,0.7929931441991761
B0007,122,0.8057020955991137,0.8139051911027366,0.8111673712327889,0.8004035754125528,0.8076581205550812,0.7907535728389716
B0007,123,0.8003910347947992,0.8057020955991137,0.8139051911027366,0.8004035754125528,0.8026396974932742,0.7885323107305513
B0007,124,0.797325953734772,0.8003910347947992,0.8057020955991137,0.8004035754125528,0.7971825194197096,0.7863379842236217
B0007,125,0.7948992586125676,0.797325953734772,0.8003910347947992,0.8004035754125528,0.7937921050723612,0.7841649826149442
B0007,126,0.7920574504207774,0.7948992586125676,0.797325953734772,0.8004035754125528,0.7912901506848494,0.7820114936618097
B0007,127,0.7894274199989884,0.7920574504207774,0.7948992586125676,0.8004035754125528,0.7886541491327483,0.7798751569621765
B0007,128,0.7891978415957107,0.7894274199989884,0.7920574504207774,0.8004035754125528,0.7860676298670257,0.7777540598645747
B0007,129,0.7865899743564149,0.7891978415957107,0.7894274199989884,0.8004035754125528,0.7850813901636937,0.7756464639871872
B0007,130,0.783973638515397,0.7865899743564149,0.7891978415957107,0.8004035754125528,0.7830614358538017,0.7735508385269276
B0007,131,0.7841070476141841,0.783973638515397,0.7865899743564149,0.8004035754125528,0.7805332438998325,0.7714658240324538
B0007,132,0.7810313778074761,0.7841070476141841,0.783973638515397,0.8004035754125528,0.7797851178344891,0.7693902159700539
B0007,133,0.7836385905485969,0.7810313778074761,0.7841070476141841,0.8004035754125528,0.7775387562816442,0.7673229464161367
B0007,134,0.792223791768746,0.7836385905485969,0.7810313778074761,0.8004035754125528,0.7782965749180728,0.7652630687197935
B0007,135,0.7837316424573085,0.792223791768746,0.7836385905485969,0.8004035754125528,0.7841294892998694,0.7632097436939668
B0007,136,0.7811077117652985,0.7837316424573085,0.792223791768746,0.8004035754125528,0.7801598435449012,0.7611622274250169
B0007,137,0.7784434528297595,0.7811077117652985,0.7837316424573085,0.8004035754125528,0.7763828431519791,0.7591198604541595
B0007,138,0.778533738725724,0.7784434528297595,0.7811077117652985,0.8004035754125528,0.7738202009839821,0.7570820581899971
B0007,139,0.775764197956411,0.778533738725724,0.7784434528297595,0.8004035754125528,0.7730340002158504,0.7550483024088155
B0007,140,0.7729914466651282,0.775764197956411,0.778533738725724,0.8004035754125528,0.7709768967806295,0.7530181337199998
B0007,141,0.7703093513592872,0.7729914466651282,0.775764197956411,0.8004035754125528,0.7683131699981327,0.7509911448868014
B0007,142,0.7674853711324945,0.7703093513592872,0.7729914466651282,0.8004035754125528,0.7657075103214462,0.748966974905396
B0007,143,0.7676233649357621,0.7674853711324945,0.7703093513592872,0.8004035754125528,0.7630290720141131,0.7469453037561351
B0007,144,0.7650852050701119,0.7676233649357621,0.7674853711324945,0.8004035754125528,0.7622400226251927,0.744925847750679
B0007,145,0.7650539672029023,0.7650852050701119,0.7676233649357621,0.8004035754125528,0.7603429408563883,0.7429083554073628
B0007,146,0.7622104114507394,0.7650539672029023,0.7650852050701119,0.8004035754125528,0.759504648010994,0.7408926037948251
B0007,147,0.7594954559011889,0.7622104114507394,0.7650539672029023,0.8004035754125528,0.7573738932075558,0.7388783952907383
B0007,148,0.759796764422933,0.7594954559011889,0.7622104114507394,0.8004035754125528,0.7547319723800989,0.7368655547085158
B0007,149,0.7595213088960036,0.759796764422933,0.7594954559011889,0.8004035754125528,0.7540717990817918,0.7348539267502183
B0007,150,0.7624630662526647,0.7595213088960036,0.759796764422933,0.8004035754125528,0.7536754906342604,0.7328433737486285
B0007,151,0.7758676753965592,0.7624630662526647,0.7595213088960036,0.8004035754125528,0.7552420381355346,0.7308337736656639
B0007,152,0.7677545672975995,0.7758676753965592,0.7624630662526647,0.8004035754125528,0.7642686861560871,0.7288250183180264
B0007,153,0.7652553971151792,0.7677545672975995,0.7758676753965592,0.8004035754125528,0.7615634436776177,0.7268170118042915
B0007,154,0.7624276653144856,0.7652553971151792,0.7677545672975995,0.8004035754125528,0.7579474151352684,0.724809669110567
B0007,155,0.7570551863639823,0.7624276653144856,0.7652553971151792,0.8004035754125528,0.755305214585899,0.7228029148744494
B0007,156,0.7571490373149529,0.7570551863639823,0.7624276653144856,0.8004035754125528,0.750944543001334,0.7207966822893058
B0007,157,0.7542130177927987,0.7571490373149529,0.7570551863639823,0.8004035754125528,0.7495881578619978,0.7187909121329515
B0007,158,0.7541239109930522,0.7542130177927987,0.7571490373149529,0.8004035754125528,0.7474239285240191,0.7167855519066002
B0007,159,0.7515727378176299,0.7541239109930522,0.7542130177927987,0.8004035754125528,0.7464640320313779,0.7147805550715667
B0007,160,0.7489625106252409,0.7515727378176299,0.7541239109930522,0.8004035754125528,0.7445105104111107,0.7127758803726272
B0007,161,0.7490951923277513,0.7489625106252409,0.7515727378176299,0.8004035754125528,0.7419982615492401,0.710771491238196
B0007,162,0.7460608976183625,0.7490951923277513,0.7489625106252409,0.8004035754125528,0.7412509554415477,0.7087673552486004
B0007,163,0.7461427514584917,0.7460608976183625,0.7490951923277513,0.8004035754125528,0.739031251507778,0.7067634436647194
B0007,164,0.7435920373366997,0.7461427514584917,0.7460608976183625,0.8004035754125528,0.73816136430337,0.7047597310101383
B0007,165,0.7436789830704655,0.7435920373366997,0.7461427514584917,0.8004035754125528,0.7362442797708922,0.702756194700738
B0007,166,0.7405692816217144,0.7436789830704655,0.7435920373366997,0.8004035754125528,0.7354799169544741,0.7007528147163377
B0007,167,0.7518493846367692,0.7405692816217144,0.7436789830704655,0.8004035754125528,0.7332016806751764,0.6987495733096147
B0007,168,0.7574910940083355,0.7518493846367692,0.7405692816217144,0.8004035754125528,0.7395724055744372,0.6967464547480715
B0018,94,0.7631036189749955,0.7653365112635747,0.7699808484662279,0.7653365112635747,0.7622655480415155,0.7622655480415155
B0018,95,0.7577771480684934,0.7631036189749955,0.7653365112635747,0.7653365112635747,0.759949380073887,0.7593465609651366
B0018,96,0.759268288206635,0.7577771480684934,0.7631036189749955,0.7653365112635747,0.7554202255856491,0.7565448526313774
B0018,97,0.7530196086484692,0.759268288206635,0.7577771480684934,0.7653365112635747,0.7557792780704291,0.7538282713453271
B0018,98,0.751247245774781,0.7530196086484692,0.759268288206635,0.7653365112635747,0.7506056330658389,0.7511735149838962
B0018,99,0.7489816944965945,0.751247245774781,0.7530196086484692,0.7653365112635747,0.7486126009825913,0.7485636597494025
B0018,100,0.7431599902402237,0.7489816944965945,0.751247245774781,0.7653365112635747,0.7462874774375404,0.7459864145232281
B0018,101,0.7465755983684312,0.7431599902402237,0.7489816944965945,0.7653365112635747,0.7414019394448761,0.7434328527258355
B0018,102,0.7387179740348331,0.7465755983684312,0.7431599902402237,0.7653365112635747,0.7431427430451831,0.7408964913165378
B0018,103,0.7403466800917733,0.7387179740348331,0.7465755983684312,0.7653365112635747,0.736821534509852,0.738372621905478
B0018,104,0.7374368704864981,0.7403466800917733,0.7387179740348331,0.7653365112635747,0.7372667264463968,0.7358578249652904
B0018,105,0.7313804864100185,0.7374368704864981,0.7403466800917733,0.7653365112635747,0.7344954056869036,0.7333496170212069
B0018,106,0.7872924322020762,0.7313804864100185,0.7374368704864981,0.7653365112635747,0.7294378032246732,0.730846194418435
B0018,107,0.7817231049614924,0.7872924322020762,0.7313804864100185,0.7653365112635747,0.7689377018819529,0.7283462472299911
B0018,108,0.7752761106852413,0.7817231049614924,0.7872924322020762,0.7653365112635747,0.7645281488787838,0.7258488241049244
B0018,109,0.7700079337204485,0.7752761106852413,0.7817231049614924,0.7653365112635747,0.7591761224496425,0.7233532341126384
B0018,110,0.7626867945054364,0.7700079337204485,0.7752761106852413,0.7653365112635747,0.7546675697319212,0.7208589754560958
B0018,111,0.7622025431993112,0.7626867945054364,0.7700079337204485,0.7653365112635747,0.7486883005924801,0.718365683698885
B0018,112,0.7541400306782735,0.7622025431993112,0.7626867945054364,0.7653365112635747,0.7476163709887814,0.7158730941644779
B0018,113,0.7521988452127043,0.7541400306782735,0.7622025431993112,0.7653365112635747,0.7411280494523772,0.713381014628216
B0018,114,0.7493491870022229,0.7521988452127043,0.7541400306782735,0.7653365112635747,0.7390044040576406,0.7108893054845229
B0018,115,0.747182624023947,0.7493491870022229,0.7521988452127043,0.7653365112635747,0.7362582816435735,0.7083978653430926
B0018,116,0.7483621978461461,0.747182624023947,0.7493491870022229,0.7653365112635747,0.733998907276498,0.7059066205679395
B0018,117,0.7418756347033405,0.7483621978461461,0.747182624023947,0.7653365112635747,0.7341498452210127,0.7034155176800033
B0018,118,0.7356946436346267,0.7418756347033405,0.7483621978461461,0.7653365112635747,0.728803515142189,0.7009245178394432
B0018,119,0.7326049390746541,0.7356946436346267,0.7418756347033405,0.7653365112635747,0.7236381807585516,0.6984335928383364
B0018,120,0.7257291620112973,0.7326049390746541,0.7356946436346267,0.7653365112635747,0.720697935742295,0.6959427221903239
B0018,121,0.7691856089045949,0.7257291620112973,0.7326049390746541,0.7653365112635747,0.715050038603618,0.69345189101693
B0018,122,0.7581912240991064,0.7691856089045949,0.7257291620112973,0.7653365112635747,0.745586628709751,0.6909610885124745
B0018,123,0.7512061203027418,0.7581912240991064,0.7691856089045949,0.7653365112635747,0.737211825601005,0.6884703068291962
B0018,124,0.7483805757157408,0.7512061203027418,0.7581912240991064,0.7653365112635747,0.7314452827451365,0.6859795402675597
B0018,125,0.7386439323920165,0.7483805757157408,0.7512061203027418,0.7653365112635747,0.7286909764939528,0.6834887846882058
B0018,126,0.7437691666500521,0.7386439323920165,0.7483805757157408,0.7653365112635747,0.720986613377174,0.6809980370848728
B0018,127,0.7378195670433692,0.7437691666500521,0.7386439323920165,0.7653365112635747,0.7239373256640017,0.6785072952742253
B0018,128,0.7346274160714679,0.7378195670433692,0.7437691666500521,0.7653365112635747,0.7189972000901322,0.6760165576705885
B0018,129,0.7349874882306874,0.7346274160714679,0.7378195670433692,0.7653365112635747,0.7159844371531224,0.6735258231223463
B0018,130,0.7287662042753458,0.7349874882306874,0.7346274160714679,0.7653365112635747,0.7155407219735265,0.6710350907931226
B0018,131,0.7303469925709389,0.7287662042753458,0.7349874882306874,0.7653365112635747,0.7103810578161649,0.6685443600754893
B0018,132,0.7229370201580871,0.7303469925709389,0.7287662042753458,0.7653365112635747,0.7108000647651143,0.6660536305282937
